질문,답변,답변 태그,날짜,시간
출퇴근에 좋은 차량 추천,"출퇴근에 좋은 차량은 **실용성과 효율성**을 중시하는 것이 좋습니다. 

    **1. 소형 SUV:**  
    * **장점:** 넓은 실내 공간, 좋은 시야, 뛰어난 주행 안정성, 낮은 연비
    * **추천 모델:** 현대 싼타페, 투싼, 기아 쏘렌토

    **2.  세단:** 
    * **장점:** 뛰어난 연비, 쉽게 주차 가능, 저렴한 가격
    * **추천 모델:** 현대 아반떼, 쏘나타, 기아 K3, K5

    **3. 하이브리드/플러그인 하이브리드:**
    * **장점:** 낮은 연료 소비, 친환경적, 세금 혜택
    * **추천 모델:** 현대 쏘나타 하이브리드, 아반떼 하이브리드, 기아 K5 하이브리드

    **어떤 차량이 가장 적합한지는 개인의 예산, 주행 거리, 선호도에 따라 다릅니다.**","실용성, 효율성, 출퇴근, 소형 SUV, 세단, 하이브리드",2025-04-06,15:13:01
출퇴근에 좋은 차량 추천,"출퇴근에 좋은 차량은 **실용성과 효율성**을 중시하는 것이 좋습니다. 

    **1. 소형 SUV:**  
    * **장점:** 넓은 실내 공간, 좋은 시야, 뛰어난 주행 안정성, 낮은 연비
    * **추천 모델:** 현대 싼타페, 투싼, 기아 쏘렌토

    **2.  세단:** 
    * **장점:** 뛰어난 연비, 쉽게 주차 가능, 저렴한 가격
    * **추천 모델:** 현대 아반떼, 쏘나타, 기아 K3, K5

    **3. 하이브리드/플러그인 하이브리드:**
    * **장점:** 낮은 연료 소비, 친환경적, 세금 혜택
    * **추천 모델:** 현대 쏘나타 하이브리드, 아반떼 하이브리드, 기아 K5 하이브리드

    **어떤 차량이 가장 적합한지는 개인의 예산, 주행 거리, 선호도에 따라 다릅니다.**","실용성, 효율성, 출퇴근, 소형 SUV, 세단, 하이브리드",2025-04-06,15:13:03
출퇴근에 좋은 차량 추천,"출퇴근에 좋은 차량은 **실용성과 효율성**을 중시하는 것이 좋습니다. 

    **1. 소형 SUV:**  
    * **장점:** 넓은 실내 공간, 좋은 시야, 뛰어난 주행 안정성, 낮은 연비
    * **추천 모델:** 현대 싼타페, 투싼, 기아 쏘렌토

    **2.  세단:** 
    * **장점:** 뛰어난 연비, 쉽게 주차 가능, 저렴한 가격
    * **추천 모델:** 현대 아반떼, 쏘나타, 기아 K3, K5

    **3. 하이브리드/플러그인 하이브리드:**
    * **장점:** 낮은 연료 소비, 친환경적, 세금 혜택
    * **추천 모델:** 현대 쏘나타 하이브리드, 아반떼 하이브리드, 기아 K5 하이브리드

    **어떤 차량이 가장 적합한지는 개인의 예산, 주행 거리, 선호도에 따라 다릅니다.**","실용성, 효율성, 출퇴근, 소형 SUV, 세단, 하이브리드",2025-04-06,15:13:04
출퇴근에 좋은 차량 추천,"출퇴근에 좋은 차량은 **실용성과 효율성**을 중시하는 것이 좋습니다. 

    **1. 소형 SUV:**  
    * **장점:** 넓은 실내 공간, 좋은 시야, 뛰어난 주행 안정성, 낮은 연비
    * **추천 모델:** 현대 싼타페, 투싼, 기아 쏘렌토

    **2.  세단:** 
    * **장점:** 뛰어난 연비, 쉽게 주차 가능, 저렴한 가격
    * **추천 모델:** 현대 아반떼, 쏘나타, 기아 K3, K5

    **3. 하이브리드/플러그인 하이브리드:**
    * **장점:** 낮은 연료 소비, 친환경적, 세금 혜택
    * **추천 모델:** 현대 쏘나타 하이브리드, 아반떼 하이브리드, 기아 K5 하이브리드

    **어떤 차량이 가장 적합한지는 개인의 예산, 주행 거리, 선호도에 따라 다릅니다.**","실용성, 효율성, 출퇴근, 소형 SUV, 세단, 하이브리드",2025-04-06,15:13:24
출퇴근에 좋은 차량 추천,"출퇴근에 좋은 차량은 **실용성과 효율성**을 중시하는 것이 좋습니다. 

    **1. 소형 SUV:**  
    * **장점:** 넓은 실내 공간, 좋은 시야, 뛰어난 주행 안정성, 낮은 연비
    * **추천 모델:** 현대 싼타페, 투싼, 기아 쏘렌토

    **2.  세단:** 
    * **장점:** 뛰어난 연비, 쉽게 주차 가능, 저렴한 가격
    * **추천 모델:** 현대 아반떼, 쏘나타, 기아 K3, K5

    **3. 하이브리드/플러그인 하이브리드:**
    * **장점:** 낮은 연료 소비, 친환경적, 세금 혜택
    * **추천 모델:** 현대 쏘나타 하이브리드, 아반떼 하이브리드, 기아 K5 하이브리드

    **어떤 차량이 가장 적합한지는 개인의 예산, 주행 거리, 선호도에 따라 다릅니다.**","실용성, 효율성, 출퇴근, 소형 SUV, 세단, 하이브리드",2025-04-06,15:14:16
출퇴근에 좋은 차량 추천,"출퇴근에 좋은 차량은 **실용성과 효율성**을 중시하는 것이 좋습니다. 

    **1. 소형 SUV:**  
    * **장점:** 넓은 실내 공간, 좋은 시야, 뛰어난 주행 안정성, 낮은 연비
    * **추천 모델:** 현대 싼타페, 투싼, 기아 쏘렌토

    **2.  세단:** 
    * **장점:** 뛰어난 연비, 쉽게 주차 가능, 저렴한 가격
    * **추천 모델:** 현대 아반떼, 쏘나타, 기아 K3, K5

    **3. 하이브리드/플러그인 하이브리드:**
    * **장점:** 낮은 연료 소비, 친환경적, 세금 혜택
    * **추천 모델:** 현대 쏘나타 하이브리드, 아반떼 하이브리드, 기아 K5 하이브리드

    **어떤 차량이 가장 적합한지는 개인의 예산, 주행 거리, 선호도에 따라 다릅니다.**","실용성, 효율성, 출퇴근, 소형 SUV, 세단, 하이브리드",2025-04-06,15:14:30
출퇴근에 좋은 차량 추천,"출퇴근에 좋은 차량은 **실용성과 효율성**을 중시하는 것이 좋습니다. 

    **1. 소형 SUV:**  
    * **장점:** 넓은 실내 공간, 좋은 시야, 뛰어난 주행 안정성, 낮은 연비
    * **추천 모델:** 현대 싼타페, 투싼, 기아 쏘렌토

    **2.  세단:** 
    * **장점:** 뛰어난 연비, 쉽게 주차 가능, 저렴한 가격
    * **추천 모델:** 현대 아반떼, 쏘나타, 기아 K3, K5

    **3. 하이브리드/플러그인 하이브리드:**
    * **장점:** 낮은 연료 소비, 친환경적, 세금 혜택
    * **추천 모델:** 현대 쏘나타 하이브리드, 아반떼 하이브리드, 기아 K5 하이브리드

    **어떤 차량이 가장 적합한지는 개인의 예산, 주행 거리, 선호도에 따라 다릅니다.**","실용성, 효율성, 출퇴근, 소형 SUV, 세단, 하이브리드",2025-04-06,15:14:30
출퇴근에 좋은 차량 추천,"출퇴근에 좋은 차량은 **실용성과 효율성**을 중시하는 것이 좋습니다. 

    **1. 소형 SUV:**  
    * **장점:** 넓은 실내 공간, 좋은 시야, 뛰어난 주행 안정성, 낮은 연비
    * **추천 모델:** 현대 싼타페, 투싼, 기아 쏘렌토

    **2.  세단:** 
    * **장점:** 뛰어난 연비, 쉽게 주차 가능, 저렴한 가격
    * **추천 모델:** 현대 아반떼, 쏘나타, 기아 K3, K5

    **3. 하이브리드/플러그인 하이브리드:**
    * **장점:** 낮은 연료 소비, 친환경적, 세금 혜택
    * **추천 모델:** 현대 쏘나타 하이브리드, 아반떼 하이브리드, 기아 K5 하이브리드

    **어떤 차량이 가장 적합한지는 개인의 예산, 주행 거리, 선호도에 따라 다릅니다.**","실용성, 효율성, 출퇴근, 소형 SUV, 세단, 하이브리드",2025-04-06,15:14:31
